{
  "language": "hun",
  "test_tsv": "data/test_hun.tsv",
  "metrics": {
    "n_total": 46079,
    "exact_match": 0.25938062891989844,
    "stem_accuracy": 0.44621194036328915,
    "suffix_accuracy": 0.25938062891989844
  }
}