train_lang,aze,tur,hun,fin
aze,0.9885714285714285,0.6487835308796007,0.2530653877037262,0.2244418331374853
tur,0.4542857142857143,0.9795695570804741,0.14394843638099786,0.21504112808460635
hun,0.10571428571428572,0.0765751715533375,0.9613706894680875,0.18801410105757932
fin,0.6342857142857142,0.4107142857142857,0.3072549317476508,0.9369369369369369
