lang,language,rule_exact_match,morfessor_exact_match,byt5_mean_exact_match,byt5_std_exact_match
aze,Azerbaijani,0.38285714285714284,0.5142857142857142,0.9742857142857143,
tur,Turkish,0.11728009981285091,0.31986899563318777,0.9748128509045539,
hun,Hungarian,0.25938062891989844,0.7108661212265891,0.9615009006271837,
fin,Finnish,0.19584802193497847,0.23932628280454368,0.8969839404622013,
