train_lang,aze,tur,hun,fin
aze,0.9914285714285714,0.6521366188396757,0.25499685323032184,0.23658441049745396
tur,0.5971428571428572,0.9795695570804741,0.14909177716530306,0.218174696435566
hun,0.16285714285714287,0.09154709918902058,0.9619349378241715,0.18840579710144928
fin,0.6371428571428571,0.4111041796631316,0.3074068447665965,0.9369369369369369
