train_lang,aze,tur,hun,fin
aze,0.9914285714285714,0.6512008733624454,0.25378154907875605,0.22796709753231492
tur,0.5228571428571429,0.9797255146600125,0.1506326092146097,0.2154328241284763
hun,0.10857142857142857,0.07712102308172177,0.9632153475552855,0.18958088523305916
fin,0.6571428571428571,0.4107142857142857,0.3072983354673495,0.9369369369369369
