,aze,tur,hun,fin
aze,0.96,0.4755146600124766,0.24236637079797738,0.1981981981981982
tur,0.6028571428571429,0.9767623206487835,0.17836758610212894,0.22483352918135527
hun,0.10857142857142857,0.06558016219588272,0.979253021983984,0.19506462984723855
fin,0.6342857142857142,0.41999376169681846,0.3930206818724365,0.8993341167254211
