,aze,tur,hun,fin
aze,0.9685714285714285,0.53626013724267,0.25310879142342496,0.20133176654915785
tur,0.6,0.9779320024953213,0.18811172117450464,0.22522522522522523
hun,0.16,0.07267623206487836,0.9706373836237766,0.19153936545240893
fin,0.6514285714285715,0.42942919525888956,0.3591006749278413,0.9044261652957305
